TR	u	AR
-0.001048121;0.956040931;4
0.006483302;0.960224335;4
0.015677385;0.962861635;4
0.025923857;0.966441235;4
0.036167879;0.969703917;4
0.046412348;0.973024497;4
0.056644574;0.974761242;4
0.066571136;0.977014903;4
0.077113826;0.978855619;4
0.087344998;0.980455997;4
0.097574197;0.981801163;4
0.107820845;0.985403619;4
0.118051676;0.986959811;4
0.12828058;0.988266886;4
0.138512223;0.98992821;4
0.148742429;0.991403649;4
0.158962082;0.991513896;4
0.169186304;0.992215319;4
0.179409114;0.992733905;4
0.18964005;0.99430381;4
0.199866039;0.995233781;4
0.210085845;0.995363836;4
0.220310362;0.996103351;4
0.230535174;0.996880957;4
0.240756746;0.997239559;4
0.250973725;0.997003937;4
0.261192753;0.997033431;4
0.27141528;0.997515449;4
0.281639149;0.998171163;4
0.291857188;0.99807267;4
0.302078584;0.998408417;4
0.312297365;0.998405914;4
0.322515474;0.998316563;4
0.332731258;0.997926291;4
0.34294796;0.997654863;4
0.353166482;0.99761884;4
0.363384556;0.997524917;4
0.373603266;0.997513272;4
0.383821246;0.997407161;4
0.394043016;0.99779123;4
0.40426286;0.997926291;4
0.414482489;0.99803349;4
0.424701765;0.998094981;4
0.434922218;0.998308836;4
0.445139021;0.998050359;4
0.45535918;0.998226123;4
0.46557557;0.997914319;4
0.475794139;0.99788439;4
0.486012472;0.997823988;4
0.49623057;0.997733113;4
0.506451;0.997943921;4
0.516671183;0.998122733;4
0.526889575;0.998069949;4
0.537106959;0.997886784;4
0.547319092;0.997024289;4
0.557541469;0.997486899;4
0.567835855;0.99725027;4
0.57798242;0.997920305;4
0.588201165;0.997913231;4
0.598420441;0.997974721;4
0.60863848;0.997876228;4
0.617927951;0.997831244;4
0.630002215;0.997507831;4
0.640408198;0.997687186;4
0.65043253;0.996565344;4
0.660652159;0.996672543;4
0.670870728;0.996642614;4
0.681089297;0.996612686;4
0.691305922;0.996331354;4
0.701523785;0.996210006;4
0.711742177;0.996157223;4
0.721959863;0.99601302;4
0.732178255;0.995960236;4
0.742396824;0.995930307;4
0.752614686;0.99580896;4
0.762832018;0.995619047;4
0.773048644;0.995337716;4
0.783266329;0.995193513;4
0.793477301;0.994180829;4
0.80369746;0.994356593;4
0.813915853;0.99430381;4
0.824133715;0.994182462;4
0.834352284;0.994152533;4
0.844567673;0.993711218;4
0.854789422;0.994092675;4
0.865007284;0.993971327;4
0.875224617;0.993781415;4
0.885442302;0.993637212;4
0.895657338;0.993150188;4
0.905876967;0.993257388;4
0.916091649;0.992724654;4
0.926311454;0.992854709;4
0.93652967;0.99277907;4
0.946747886;0.992703432;4
0.956962745;0.992193553;4
0.967178045;0.991740811;4
0.977661564;0.991649703;4
0.989465419;0.990681329;4
0.001648003;0.91055955;6
0.008196616;0.916476395;6
0.014444767;0.923583321;6
0.020990008;0.929064003;6
0.029391747;0.934355209;6
0.039644338;0.938726346;6
0.048038898;0.943088777;6
0.055513903;0.948670758;6
0.06356606;0.953804766;6
0.071760187;0.959278225;6
0.081628067;0.961952341;6
0.092918756;0.96708626;6
0.103050525;0.969180434;6
0.113285054;0.971215052;6
0.123524824;0.973927696;6
0.133768463;0.977140858;6
0.144009117;0.979967776;6
0.154229117;0.98012297;6
0.164465053;0.982339665;6
0.174711307;0.985891078;6
0.18493924;0.987072452;6
0.195161872;0.987568183;6
0.205385094;0.988140096;6
0.216541869;0.989303513;6
0.226770744;0.990606779;6
0.236998501;0.991765298;6
0.24722608;0.992900962;6
0.257446769;0.993145291;6
0.267669826;0.993695873;6
0.277889207;0.993771076;6
0.288108836;0.993878276;6
0.298329349;0.994099749;6
0.308554455;0.994915447;6
0.318775144;0.995159775;6
0.328993713;0.995129846;6
0.339212282;0.995099918;6
0.349150802;0.994894823;6
0.36058222;0.995534049;6
0.370800295;0.995440127;6
0.381023292;0.995983091;6
0.391242568;0.996044581;6
0.401464317;0.996426038;6
0.411684653;0.996624657;6
0.421901573;0.996381417;6
0.432115136;0.995703936;6
0.442343422;0.99693102;6
0.452568293;0.997716244;6
0.462785007;0.99744634;6
0.473003046;0.997347847;6
0.483221526;0.997306491;6
0.493439653;0.997219425;6
0.503658664;0.997246633;6
0.513877145;0.997205277;6
0.524095802;0.997186776;6
0.534314371;0.997156847;6
0.544532587;0.997081208;6
0.554746179;0.996407537;6
0.564957534;0.995444372;6
0.575172216;0.994911638;6
0.585386898;0.994378904;6
0.595602287;0.993937589;6
0.605818383;0.993587694;6
0.616033948;0.993169234;6
0.626250574;0.992887903;6
0.636468083;0.992720845;6
0.646680044;0.991836148;6
0.656899744;0.991952489;6
0.667113719;0.991328337;6
0.677329815;0.990978441;6
0.687547324;0.990811384;6
0.697764302;0.990575762;6
0.707980928;0.99029443;6
0.718199144;0.990218792;6
0.728416299;0.990006025;6
0.738632571;0.989678984;6
0.748851229;0.989660483;6
0.759065999;0.989139176;6
0.765568372;0.989074421;6
0.788270904;0.988309572;6
0.798071576;0.987630762;6
0.808282902;0.986663787;6
0.81849617;0.985948215;6
0.828710499;0.985369772;6
0.838549321;0.984285041;6
0.848198999;0.982767185;6
0.861591436;0.981286853;6
0.870482641;0.981224897;6
0.880697809;0.980755013;6
0.890910592;0.979976591;6
0.901130574;0.9801295;6
0.911343489;0.979368219;6
0.921559938;0.979064033;6
0.931778507;0.979034104;6
0.941991894;0.978333768;6
0.952207341;0.977900072;6
0.96242644;0.977938707;6
0.972643419;0.977703086;6
0.983374053;0.977151064;6
0.003891647;0.880335678;8
0.009334798;0.887457768;8
0.01235066;0.893035783;8
0.01694533;0.899889493;8
0.02687933;0.909781707;8
0.037382855;0.91657039;8
0.046011921;0.921225265;8
0.053483239;0.926330247;8
0.060492278;0.931721278;8
0.067033457;0.936676509;8
0.074598386;0.941873666;8
0.08543906;0.947544889;8
0.095482084;0.95151163;8
0.105732786;0.955638439;8
0.115979282;0.959221088;8
0.126228315;0.963132083;8
0.136476566;0.966941755;8
0.146722696;0.97047717;8
0.156961512;0.973066397;8
0.167196701;0.97518634;8
0.177150598;0.976970373;8
0.193047877;0.978482542;8
0.201611065;0.980624143;8
0.211850835;0.983336786;8
0.222076825;0.984266757;8
0.232305464;0.98553955;8
0.244403627;0.988307698;8
0.254108717;0.988617024;8
0.264857431;0.990403807;8
0.275073056;0.989992965;8
0.285294746;0.990366804;8
0.295512255;0.990199746;8
0.305738244;0.991129718;8
0.315857404;0.991592739;8
0.321534818;0.991631979;8
0.336124362;0.992217768;8
0.346622414;0.992289869;8
0.356840983;0.992259941;8
0.367056902;0.99188719;8
0.377268103;0.990904217;8
0.387485206;0.990684594;8
0.397705542;0.990883213;8
0.407926054;0.991104686;8
0.4181448;0.991097612;8
0.428363899;0.991136248;8
0.438583086;0.991186311;8
0.448800683;0.991030681;8
0.459021019;0.991229299;8
0.469239588;0.99119937;8
0.479458334;0.991192296;8
0.489676903;0.991162368;8
0.49989559;0.991147675;8
0.510111744;0.990805398;8
0.520329488;0.990668813;8
0.530547115;0.990516992;8
0.540764712;0.990361362;8
0.550983016;0.990297151;8
0.561202115;0.990335787;8
0.571419094;0.990100165;8
0.581635013;0.989727415;8
0.591853229;0.989651776;8
0.602070031;0.9893933;8
0.612284772;0.988868184;8
0.622498335;0.988190703;8
0.63271184;0.987505605;8
0.642928736;0.987259317;8
0.653142735;0.986638212;8
0.663359714;0.98640259;8
0.673574396;0.985869856;8
0.683782188;0.984445786;8
0.694265382;0.982595802;8
0.704193178;0.981003423;8
0.714408714;0.980581154;8
0.724627842;0.980623599;8
0.734842878;0.980136574;8
0.745059327;0.979832388;8
0.755277896;0.979802459;8
0.765490634;0.979018323;8
0.775700723;0.977891365;8
0.785511045;0.976553351;8
0.796940773;0.974875745;8
0.805871278;0.975128931;8
0.832337651;0.973885795;8
0.842553393;0.97349019;8
0.852770372;0.973254568;8
0.862987704;0.973064656;8
0.87320274;0.972577632;8
0.883412004;0.971344019;8
0.893626981;0.970849376;8
0.903842193;0.970385207;8
0.914050426;0.969018274;8
0.924645677;0.967643859;8
0.934084957;0.966949282;8
0.944687082;0.966463981;8
0.954893283;0.964834219;8
0.965106611;0.964126265;8
0.975322176;0.963707805;8
0.985530851;0.962398009;8
0.000867415;0.836287801;10
0.006847537;0.842103841;10
0.012463487;0.847544546;10
0.017158563;0.854034085;10
0.022544358;0.859745328;10
0.025142374;0.86534861;10
0.029830516;0.87094128;10
0.033765875;0.875292284;10
0.036867487;0.879945624;10
0.047631891;0.89043832;10
0.055566028;0.895327019;10
0.063041252;0.900937266;10
0.070055464;0.906997507;10
0.077064932;0.912444206;10
0.084072925;0.91769996;10
0.090618198;0.923184746;10
0.098094167;0.92889145;10
0.106497448;0.934382054;10
0.115831545;0.94010993;10
0.126082381;0.944254044;10
0.135870047;0.948569024;10
0.145654886;0.952518328;10
0.155917371;0.958169333;10
0.166160945;0.961374116;10
0.176405273;0.964676412;10
0.186643247;0.967156698;10
0.196418927;0.9699212;10
0.205733115;0.973073635;10
0.217461192;0.974701372;10
0.228674366;0.976484255;10
0.238744233;0.977247079;10
0.248964922;0.977491407;10
0.25909738;0.978339373;10
0.270643151;0.981754039;10
0.280576445;0.980872824;10
0.290797629;0.981181146;10
0.301028247;0.982709912;10
0.311247581;0.982779021;10
0.321474984;0.98389183;10
0.33170118;0.984848466;10
0.341922982;0.985236779;10
0.352141798;0.985238847;10
0.362363954;0.98567287;10
0.372586321;0.986134319;10
0.38280542;0.986172954;10
0.393023106;0.986028751;10
0.403243265;0.986204515;10
0.413154928;0.986531012;10
0.423688353;0.987173122;10
0.433907982;0.987280322;10
0.444126375;0.987227538;10
0.454342647;0.986900497;10
0.472340821;0.986790645;10
0.482210765;0.986727454;10
0.49242739;0.986446123;10
0.502646842;0.986530468;10
0.512865235;0.986477684;10
0.523087602;0.986939133;10
0.533301489;0.986303553;10
0.543523327;0.986696437;10
0.553737391;0.986083712;10
0.563954193;0.985825235;10
0.574169405;0.985361066;10
0.583456422;0.984998654;10
0.595717992;0.984870559;10
0.606023044;0.98401073;10
0.615956388;0.983135991;10
0.626166741;0.982043315;10
0.636371971;0.980287851;10
0.646584003;0.979412296;10
0.656797802;0.978765288;10
0.667012661;0.978255409;10
0.677225682;0.977507841;10
0.687433544;0.976092913;10
0.69764381;0.97498881;10
0.707859375;0.97457035;10
0.718072938;0.973892869;10
0.728284499;0.972956368;10
0.738500065;0.972537908;10
0.748711213;0.971548079;10
0.758921655;0.970466831;10
0.769132539;0.969442719;10
0.77934622;0.968780475;10
0.789186352;0.967865175;10
0.799768729;0.966828243;10
0.809983582;0.966317602;10
0.819270599;0.965955191;10
0.831201101;0.964202292;10
0.840621091;0.963873774;10
0.855574137;0.96207774;10
0.865679995;0.960820051;10
0.875888564;0.959496542;10
0.886098299;0.958323875;10
0.896307504;0.957082643;10
0.90652095;0.956389926;10
0.91672774;0.954836346;10
0.926939713;0.953953172;10
0.937149908;0.952839928;10
0.94735989;0.951699257;10
0.957569802;0.950549444;10
0.967781216;0.949593897;10
0.97694947;0.948889957;10
0.987684803;0.947276738;10
0.996859209;0.945699517;10
0.001452537;0.805158655;15
0.007070569;0.810868719;15
0.010830982;0.816623332;15
0.015519596;0.822277058;15
0.020211543;0.828361759;15
0.02489674;0.833573495;15
0.02912244;0.839431139;15
0.034279709;0.845623421;15
0.040829235;0.851658386;15
0.046915733;0.857882664;15
0.052697865;0.864791891;15
0.058636746;0.871949253;15
0.064718235;0.877525558;15
0.071261624;0.882766759;15
0.077806752;0.888232926;15
0.085283401;0.894027535;15
0.092290247;0.899134901;15
0.097442974;0.904739619;15
0.103990366;0.91049864;15
0.111463715;0.915866313;15
0.119552824;0.920773364;15
0.127336094;0.926174698;15
0.136202115;0.931438777;15
0.144137013;0.936425891;15
0.153000102;0.941310676;15
0.163246998;0.944945129;15
0.172560555;0.948016011;15
0.181887432;0.95280989;15
0.194913996;0.955502943;15
0.20515306;0.958124168;15
0.215388236;0.960242587;15
0.225616345;0.961446816;15
0.236270381;0.964338548;15
0.246094207;0.966654982;15
0.256331504;0.969047658;15
0.266561133;0.970448438;15
0.276977219;0.97193476;15
0.287021692;0.973418361;15
0.296961473;0.973376297;15
0.309017816;0.974740491;15
0.319740058;0.975773381;15
0.330064415;0.977410817;15
0.340005909;0.977590444;15
0.349302476;0.97846346;15
0.358135;0.979394339;15
0.374112251;0.97923441;15
0.384617465;0.980232891;15
0.394828731;0.979258298;15
0.405041293;0.978451307;15
0.415258802;0.97828425;15
0.425012891;0.978255681;15
0.442508643;0.97824634;15
0.4542824;0.979107021;15
0.464498496;0.978757126;15
0.474709114;0.977698732;15
0.48492309;0.97707458;15
0.494952498;0.976609431;15
0.505352454;0.976009112;15
0.515571023;0.975979183;15
0.525416064;0.97569894;15
0.534134414;0.973877633;15
0.546207119;0.973352517;15
0.556422684;0.972934057;15
0.566628415;0.971243349;15
0.576837915;0.970040208;15
0.586771205;0.969158613;15
0.597257974;0.967771056;15
0.607468004;0.96663648;15
0.617674912;0.965098137;15
0.627889123;0.964504457;15
0.638089082;0.962067159;15
0.647746211;0.961513203;15
0.658514206;0.960453177;15
0.668440465;0.958661962;15
0.67892873;0.957467909;15
0.688681511;0.957270215;15
0.699355915;0.956120566;15
0.709560055;0.954224165;15
0.719759897;0.95177163;15
0.729601846;0.951091429;15
0.740493267;0.94997475;15
0.750392636;0.948710724;15
0.760595481;0.946646721;15
0.770803096;0.945199796;15
0.781014598;0.944255677;15
0.791218326;0.942305947;15
0.801422996;0.94047811;15
0.811629758;0.938920721;15
0.821832862;0.936890238;15
0.832039069;0.935261237;15
0.842248628;0.934065715;15
0.852452061;0.932077894;15
0.861614029;0.930560705;15
0.873442975;0.92854622;15
0.883078028;0.928140888;15
0.89328688;0.926853947;15
0.90210229;0.925571087;15
0.914171007;0.924530107;15
0.924043645;0.922669503;15
0.934110509;0.920182532;15
0.944309054;0.917562396;15
0.953586494;0.915961065;15
0.965028373;0.913947714;15
0.974649077;0.912687637;15
0.98389295;0.910749861;15
0.004561921;0.786782787;20
0.01206775;0.796352024;20
0.015362333;0.801933412;20
0.021101991;0.808355443;20
0.02846867;0.814945901;20
0.03129481;0.820016068;20
0.043265275;0.832970429;20
0.055406979;0.838700494;20
0.059808854;0.843313512;20
0.062814696;0.851601177;20
0.068292099;0.859148329;20
0.074358848;0.86281788;20
0.079981944;0.869182987;20
0.08513081;0.874288252;20
0.090847417;0.880732698;20
0.097779641;0.888204358;20
0.11224728;0.897055128;20
0.11971387;0.901548549;20
0.127889486;0.907631727;20
0.135439803;0.912941561;20
0.145717935;0.920616651;20
0.155189614;0.92411328;20
0.168469089;0.929479661;20
0.178556261;0.935819123;20
0.190370847;0.938623337;20
0.202092418;0.942747715;20
0.212235054;0.947201454;20
0.230675454;0.954941097;20
0.240443633;0.956735196;20
0.253737614;0.959686221;20
0.261844443;0.961162945;20
0.279734011;0.962025395;20
0.289730543;0.963316009;20
0.299954059;0.963926014;20
0.310925231;0.965114353;20
0.32296397;0.966204144;20
0.336203848;0.966448201;20
0.351999583;0.966841901;20
0.365841585;0.966864212;20
0.375327307;0.966836429;20
0.389436968;0.96848313;20
0.396611177;0.9694893;20
0.41899516;0.967574493;20
0.448075051;0.965833221;20
0.459104004;0.965912256;20
0.469042771;0.965739159;20
0.480500485;0.965774166;20
0.490594415;0.965644039;20
0.499851244;0.96538228;20
0.510829224;0.963445519;20
0.522430612;0.962037366;20
0.530083121;0.96053793;20
0.548656507;0.959729307;20
0.556187655;0.95969827;20
0.564050599;0.958238623;20
0.581362049;0.954416798;20
0.590635624;0.952315519;20
0.602581905;0.950457821;20
0.622061972;0.948910276;20
0.631166398;0.947818118;20
0.642502225;0.945438441;20
0.651726944;0.943693467;20
0.684061129;0.940414262;20
0.699816646;0.935605328;20
0.707087243;0.934773941;20
0.731663245;0.929338587;20
0.744271848;0.926033352;20
0.754636563;0.923544782;20
0.763802763;0.920906084;20
0.789159701;0.916348372;20
0.801442681;0.912981239;20
0.814469024;0.911353828;20
0.823834426;0.910401575;20
0.835344946;0.908922265;20
0.845240042;0.907105493;20
0.854466035;0.904190071;20
0.876830864;0.90113281;20
0.886386528;0.89947067;20
0.899665955;0.895817784;20
0.908818794;0.893119765;20
0.919428209;0.890239399;20
0.928522043;0.888253876;20
0.938029235;0.886329994;20
0.949612093;0.882524948;20
0.96236838;0.88029824;20
0.968864061;0.879367861;20
0.997373787;0.872063359;20