0.040884838;0.886859298;0
0.045086499;0.878306802;0
0.050172999;0.868043648;0
0.055042246;0.859488777;0
0.060137541;0.852071442;0
0.06478426;0.843517363;0
0.069213728;0.836671567;0
0.074526274;0.827545949;0
0.07961981;0.81955945;0
0.084715105;0.812142115;0
0.08958963;0.805294735;0
0.094905695;0.797307445;0
0.099783738;0.791598393;0
0.104437493;0.785320968;0
0.109760595;0.779610333;0
0.113971051;0.773903655;0
0.117960739;0.768766933;0
0.120839541;0.764203332;0
0.124836264;0.761343265;0
0.129486501;0.753927513;0
0.135256419;0.748784458;0
0.139468635;0.743646944;0
0.144567449;0.737367937;0
0.14966978;0.732227256;0
0.154770352;0.726517413;0
0.159208615;0.722517435;0
0.164750727;0.71566768;0
0.170077346;0.711095372;0
0.17451385;0.70652623;0
0.179616182;0.70138555;0
0.184718513;0.69624487;0
0.190046892;0.692241725;0
0.195149223;0.687101045;0
0.199142428;0.68310265;0
0.040162719;0.869217598;0.1
0.044809438;0.860663519;0.1
0.049897696;0.850969529;0.1
0.055213761;0.842982238;0.1
0.060081249;0.833858204;0.1
0.064950497;0.825303333;0.1
0.069600734;0.817887581;0.1
0.075139328;0.809899499;0.1
0.079791324;0.803052911;0.1
0.08466409;0.795636368;0.1
0.089759385;0.788219033;0.1
0.094632151;0.780802489;0.1
0.099732724;0.775092645;0.1
0.104388238;0.769384384;0.1
0.109485292;0.762536213;0.1
0.114808393;0.756825578;0.1
0.120129735;0.750545778;0.1
0.12478525;0.744837518;0.1
0.12967033;0.74140512;0.1
0.134763865;0.733418621;0.1
0.140088726;0.72827715;0.1
0.144968528;0.723137261;0.1
0.1500691;0.717427417;0.1
0.154726374;0.71228832;0.1
0.159832224;0.708285967;0.1
0.164708508;0.702007751;0.1
0.16959007;0.697437026;0.1
0.174916689;0.692864718;0.1
0.179575722;0.688294785;0.1
0.184900582;0.683153313;0.1
0.190002914;0.678012633;0.1
0.19555558;0.67457786;0.1
0.199992084;0.670008719;0.1
0.041555132;0.847680013;0.2
0.046085274;0.840355111;0.2
0.04909585;0.831781944;0.2
0.05324353;0.825143221;0.2
0.058010075;0.817451623;0.2
0.062785485;0.812628251;0.2
0.067549916;0.804252445;0.2
0.07231637;0.796531434;0.2
0.077085776;0.789765615;0.2
0.08186031;0.784658723;0.2
0.086629503;0.777823711;0.2
0.091394434;0.769609917;0.2
0.096162516;0.762415443;0.2
0.100937722;0.757526253;0.2
0.105714932;0.753285108;0.2
0.110484623;0.746611384;0.2
0.11526051;0.741942308;0.2
0.120032196;0.735914218;0.2
0.124802677;0.729495807;0.2
0.129575009;0.72367674;0.2
0.134351329;0.719147736;0.2
0.139129767;0.715304145;0.2
0.143902846;0.709726408;0.2
0.148675138;0.703894323;0.2
0.153451558;0.699397866;0.2
0.15822604;0.694274097;0.2
0.162963846;0.691373919;0.2
0.167782598;0.68648373;0.2
0.172557825;0.681601291;0.2
0.177336485;0.677829304;0.2
0.182112145;0.673086936;0.2
0.18689057;0.669239006;0.2
0.191666215;0.664491576;0.2
0.196443617;0.660312873;0.2
0.199268564;0.658470052;0.2
0.041533382;0.826552585;0.3
0.046207481;0.818695768;0.3
0.051618929;0.810268578;0.3
0.057362772;0.801755121;0.3
0.061858271;0.79442956;0.3
0.06689898;0.787380518;0.3
0.072066153;0.778196168;0.3
0.076956729;0.771495735;0.3
0.082129329;0.766024164;0.3
0.086926952;0.761342895;0.3
0.091563853;0.753975062;0.3
0.096602037;0.748066167;0.3
0.101323;0.741282358;0.3
0.106822779;0.735994157;0.3
0.112536883;0.729600195;0.3
0.117033329;0.723755108;0.3
0.121623698;0.718553238;0.3
0.126008535;0.714561852;0.3
0.131623412;0.710114367;0.3
0.136729799;0.703683671;0.3
0.141210827;0.698217874;0.3
0.145812442;0.69352338;0.3
0.150468181;0.689119529;0.3
0.15531104;0.6845928;0.3
0.160229883;0.680384482;0.3
0.165004313;0.675243837;0.3
0.170129076;0.670733122;0.3
0.175413342;0.666166147;0.3
0.180424215;0.662379833;0.3
0.18565749;0.657752707;0.3
0.191052992;0.653951101;0.3
0.195356879;0.650885993;0.3
0.199237581;0.648445609;0.3
0.04210725;0.807138801;0.4
0.047388289;0.797613707;0.4
0.051974656;0.790334232;0.4
0.057030999;0.78247296;0.4
0.06339636;0.775442411;0.4
0.067445049;0.770322912;0.4
0.071994051;0.762695495;0.4
0.077498581;0.754247864;0.4
0.082055444;0.749163685;0.4
0.087865211;0.740844916;0.4
0.09246835;0.734630821;0.4
0.096998951;0.731114067;0.4
0.101881426;0.724700079;0.4
0.106589931;0.719364747;0.4
0.111403816;0.715248075;0.4
0.11728218;0.709162928;0.4
0.122479246;0.702381846;0.4
0.127100631;0.698045301;0.4
0.131606716;0.694144757;0.4
0.136294853;0.690438487;0.4
0.142888465;0.683453537;0.4
0.147821649;0.678238071;0.4
0.15232913;0.674397856;0.4
0.157280161;0.67003627;0.4
0.162060881;0.666930891;0.4
0.166741478;0.662742032;0.4
0.171543951;0.658847137;0.4
0.176499744;0.653678001;0.4
0.181331319;0.649414302;0.4
0.185942886;0.644417264;0.4
0.19126191;0.639354423;0.4
0.195933528;0.636174191;0.4
0.199115372;0.632388195;0.4
0.041805755;0.787868366;0.5
0.046574387;0.780852056;0.5
0.051342745;0.773747025;0.5
0.056111416;0.766743252;0.5
0.060880776;0.759962244;0.5
0.065651158;0.753512009;0.5
0.070421889;0.747174844;0.5
0.075195646;0.741816497;0.5
0.079965569;0.735217752;0.5
0.084740342;0.73018849;0.5
0.089513395;0.724602315;0.5
0.094282327;0.717682922;0.5
0.099054701;0.711877357;0.5
0.103834117;0.708350073;0.5
0.108609777;0.703607706;0.5
0.113384864;0.698679701;0.5
0.11815922;0.69351543;0.5
0.122934385;0.68861274;0.5
0.127708142;0.683254393;0.5
0.132486358;0.679338958;0.5
0.136925694;0.675368474;0.5
0.142042086;0.67128026;0.5
0.146816442;0.666115988;0.5
0.151592963;0.661652078;0.5
0.15636998;0.657348491;0.5
0.161144545;0.652251725;0.5
0.165922761;0.64833629;0.5
0.170702229;0.644825883;0.5
0.175480915;0.641062334;0.5
0.180258975;0.63709627;0.5
0.185037034;0.633130207;0.5
0.189815642;0.629341343;0.5
0.194594562;0.625653736;0.5
0.19824321;0.622608077;0.5
0.040884164;0.771489046;0.6
0.045652335;0.764323262;0.6
0.050418448;0.756491833;0.6
0.05518298;0.748148815;0.6
0.059957492;0.743035172;0.6
0.064730075;0.737297111;0.6
0.069503988;0.731989393;0.6
0.074276451;0.726212517;0.6
0.079049546;0.720639842;0.6
0.083819625;0.714091725;0.6
0.088594712;0.709163721;0.6
0.093369981;0.704294782;0.6
0.098140425;0.697864799;0.6
0.102913765;0.692371442;0.6
0.107691303;0.688236617;0.6
0.112467172;0.683561755;0.6
0.117244293;0.67929192;0.6
0.122020391;0.674691313;0.6
0.126795874;0.669891567;0.6
0.131573856;0.665900189;0.6
0.136353167;0.662339154;0.6
0.141130523;0.658145262;0.6
0.145906595;0.653536217;0.6
0.150683513;0.649200566;0.6
0.155460268;0.644812598;0.6
0.160236085;0.640120859;0.6
0.165014797;0.636365748;0.6
0.169793952;0.632754084;0.6
0.174572872;0.629066478;0.6
0.179353044;0.625783899;0.6
0.18412967;0.621353741;0.6
0.188909346;0.617910839;0.6
0.19369137;0.615227364;0.6
0.197602672;0.61262293;0.6
0.040884164;0.771489046;0.7
0.045652335;0.764323262;0.7
0.050418448;0.756491833;0.7
0.05518298;0.748148815;0.7
0.059957492;0.743035172;0.7
0.064730075;0.737297111;0.7
0.069503988;0.731989393;0.7
0.074276451;0.726212517;0.7
0.079049546;0.720639842;0.7
0.083819625;0.714091725;0.7
0.088594712;0.709163721;0.7
0.093369981;0.704294782;0.7
0.098140425;0.697864799;0.7
0.102913765;0.692371442;0.7
0.107691303;0.688236617;0.7
0.112467172;0.683561755;0.7
0.117244293;0.67929192;0.7
0.122020391;0.674691313;0.7
0.126795874;0.669891567;0.7
0.131573856;0.665900189;0.7
0.136353167;0.662339154;0.7
0.141130523;0.658145262;0.7
0.145906595;0.653536217;0.7
0.150683513;0.649200566;0.7
0.155460268;0.644812598;0.7
0.160236085;0.640120859;0.7
0.165014797;0.636365748;0.7
0.169793952;0.632754084;0.7
0.174572872;0.629066478;0.7
0.179353044;0.625783899;0.7
0.18412967;0.621353741;0.7
0.188909346;0.617910839;0.7
0.19369137;0.615227364;0.7
0.197602672;0.61262293;0.7
0.04163672;0.73317705;0.8
0.046407112;0.72673019;0.8
0.051180165;0.721144015;0.8
0.055951339;0.714950298;0.8
0.060729086;0.710882977;0.8
0.065500261;0.70468926;0.8
0.070273939;0.699305598;0.8
0.075048087;0.694073822;0.8
0.079822235;0.688842047;0.8
0.084596852;0.683762156;0.8
0.08937366;0.679391065;0.8
0.094148433;0.674361803;0.8
0.098924146;0.669636312;0.8
0.103700547;0.665133587;0.8
0.108474319;0.659780302;0.8
0.113251284;0.655459839;0.8
0.118027935;0.651038119;0.8
0.12289284;0.646990741;0.8
0.127583898;0.643055364;0.8
0.132364461;0.639899357;0.8
0.137142677;0.635983922;0.8
0.141920946;0.632085363;0.8
0.146698953;0.628102424;0.8
0.1514791;0.624811407;0.8
0.155988571;0.622006548;0.8
0.161182447;0.617548185;0.8
0.165714906;0.612396025;0.8
0.170591443;0.608980906;0.8
0.175371693;0.605723641;0.8
0.179283758;0.603366323;0.8
