AR	v	TR
2.072650249;0.002782705;0.2
2.255135647;0.002912892;0.2
2.447422668;0.002984028;0.2
2.639621437;0.003060343;0.2
2.832126148;0.003118703;0.2
3.02420913;0.003201814;0.2
3.216773146;0.003256693;0.2
3.402742462;0.003285655;0.2
3.587340773;0.00331765;0.2
3.795402792;0.003366307;0.2
3.988244039;0.003404917;0.2
4.180864067;0.003456509;0.2
4.377214707;0.003495634;0.2
4.566565389;0.003532623;0.2
4.759747879;0.003551206;0.2
4.953184537;0.003554873;0.2
5.146623549;0.003558401;0.2
5.324982972;0.003562031;0.2
5.5543673;0.003579734;0.2
5.717674182;0.003596627;0.2
5.919511189;0.003623479;0.2
6.11292196;0.003628665;0.2
6.310124531;0.003617791;0.2
6.49684011;0.003602956;0.2
6.676525529;0.003587759;0.2
6.92276977;0.003589366;0.2
7.114626472;0.00358252;0.2
7.300183589;0.003578319;0.2
7.464726596;0.00358002;0.2
7.740129134;0.003551674;0.2
7.91456964;0.003539495;0.2
8.242840906;0.00354483;0.2
8.436209315;0.003552502;0.2
8.63000369;0.003535175;0.2
8.823595672;0.003529726;0.2
9.017091165;0.003529939;0.2
9.204922152;0.003518468;0.2
9.404785819;0.00348907;0.2
9.598340147;0.003485831;0.2
9.791576765;0.003501237;0.2
9.959070408;0.003478891;0.2
10.17752202;0.003459799;0.2
10.36614162;0.003436458;0.2
10.56861098;0.003426199;0.2
10.87497302;0.003409673;0.2
11.09708705;0.003382115;0.2
11.2890473;0.003369192;0.2
11.47750781;0.003355187;0.2
11.67657487;0.003338128;0.2
11.85262812;0.003329621;0.2
12.06388356;0.00331991;0.2
12.25763322;0.003305207;0.2
12.44678316;0.00330236;0.2
12.64500311;0.003283398;0.2
12.83875512;0.003268557;0.2
13.03242712;0.003258412;0.2
13.22592967;0.003258211;0.2
13.41059108;0.003260694;0.2
13.60929642;0.003241922;0.2
13.78950242;0.003219114;0.2
14.05037657;0.003188018;0.2
14.17721456;0.003177219;0.2
14.54709514;0.003149451;0.2
14.74073183;0.003141378;0.2
14.93763929;0.003147824;0.2
15.1147241;0.003130396;0.2
15.32180431;0.003107628;0.2
15.51527156;0.003109499;0.2
15.72261565;0.003099921;0.2
15.92038256;0.003078869;0.2
16.14924968;0.003067934;0.2
16.31148188;0.003044661;0.2
16.624969;0.003022927;0.2
16.81288576;0.003006422;0.2
17.02136143;0.002987787;0.2
17.22371042;0.002984592;0.2
17.4172271;0.002983563;0.2
17.61090616;0.002973003;0.2
17.74286314;0.002971492;0.2
18.02632301;0.002911083;0.2
18.21033163;0.002894523;0.2
19.0257969;0.002835259;0.2
19.21407031;0.002832235;0.2
19.40765052;0.002827477;0.2
19.6011319;0.002828519;0.2
19.76448637;0.00282787;0.2
19.91793033;0.002818924;0.2
2.078149265;0.002976162;0.4
2.270300966;0.00305524;0.4
2.462450314;0.003134455;0.4
2.654904426;0.003195785;0.4
2.847433848;0.003252695;0.4
3.039879724;0.003314508;0.4
3.223492814;0.003378514;0.4
3.428306285;0.003460098;0.4
3.617363263;0.003491383;0.4
3.810423377;0.003517148;0.4
3.988001471;0.003566633;0.4
4.143252004;0.003599143;0.4
5.020002312;0.003762952;0.4
5.229975146;0.003828513;0.4
5.41583338;0.003863994;0.4
5.616088313;0.003880458;0.4
5.819852369;0.003867956;0.4
6.013492708;0.003843282;0.4
6.197224331;0.003842978;0.4
6.390719824;0.003843192;0.4
6.601805816;0.003843425;0.4
6.795301309;0.003843639;0.4
6.988796802;0.003843852;0.4
7.182306416;0.003843237;0.4
7.375808969;0.003843036;0.4
7.569438606;0.003835377;0.4
7.762934099;0.003835591;0.4
7.956415472;0.003836633;0.4
8.153753834;0.003817791;0.4
8.326442748;0.003800256;0.4
8.746165906;0.003796957;0.4
8.925140239;0.0037645;0.4
9.118722808;0.003759603;0.4
9.312218301;0.003759817;0.4
9.505791457;0.003755473;0.4
9.770054517;0.003731962;0.4
10.09772276;0.003703862;0.4
10.29857805;0.003685093;0.4
10.47984802;0.00366539;0.4
11.03850254;0.003619972;0.4
11.2265086;0.003632638;0.4
11.42571168;0.003607596;0.4
11.61942604;0.003594965;0.4
11.81329337;0.003573356;0.4
11.99996894;0.003560869;0.4
12.18571041;0.00354421;0.4
12.37709855;0.003520619;0.4
12.71159495;0.003504736;0.4
12.91234504;0.00349214;0.4
13.09896954;0.00348265;0.4
13.29250034;0.003480792;0.4
13.49346059;0.003455863;0.4
13.68018793;0.003440337;0.4
13.87404585;0.003419281;0.4
14.06767548;0.003411622;0.4
14.25561891;0.003393552;0.4
14.46041124;0.003384611;0.4
14.63397398;0.003360039;0.4
14.84252253;0.003361707;0.4
15.0361855;0.003352092;0.4
15.22969683;0.003351376;0.4
15.42323136;0.003349299;0.4
15.60754469;0.003332504;0.4
15.8107022;0.003321564;0.4
16.00495719;0.003277205;0.4
16.19877772;0.003258343;0.4
16.39256056;0.003241693;0.4
16.58636318;0.003223882;0.4
16.78012837;0.003208268;0.4
16.97396879;0.003188238;0.4
17.16754862;0.003183503;0.4
17.36135052;0.003165734;0.4
17.55504135;0.003154484;0.4
17.74887738;0.003134712;0.4
17.94282088;0.003108633;0.4
18.13646777;0.003099961;0.4
18.33030944;0.003079859;0.4
18.53649115;0.003050262;0.4
18.71801928;0.003038098;0.4
18.91151019;0.003038581;0.4
19.10497022;0.003040875;0.4
19.29877864;0.003022724;0.4
19.49249512;0.003009969;0.4
19.68632456;0.002990584;0.4
19.87806658;0.002978997;0.4
19.98642843;0.002928389;0.4
2.025384828;0.00297569;0.6
2.147759351;0.003020368;0.6
2.672093671;0.003219353;0.6
2.864228898;0.003299397;0.6
3.056611232;0.003364939;0.6
3.249267737;0.003414391;0.6
3.441640658;0.003480485;0.6
3.634355998;0.003526484;0.6
3.827092519;0.00357124;0.6
4.019457203;0.003637818;0.6
4.211950147;0.003696868;0.6
4.18955812;0.003462458;0.6
4.395627131;0.003757125;0.6
4.570724438;0.00380472;0.6
4.811139578;0.003838714;0.6
5.035778339;0.003869458;0.6
5.229054966;0.003882516;0.6
5.422416315;0.003890603;0.6
5.615805905;0.003897031;0.6
5.809230796;0.003901388;0.6
5.993535668;0.003924796;0.6
6.195671086;0.003934135;0.6
6.389166579;0.003934348;0.6
6.582683253;0.003933319;0.6
6.776432913;0.003918616;0.6
6.97006961;0.003910542;0.6
7.163614525;0.003907856;0.6
7.357152379;0.003905583;0.6
7.550704353;0.003902482;0.6
7.744228087;0.003901038;0.6
7.937751821;0.003899594;0.6
8.131310856;0.003896079;0.6
8.325067577;0.003880961;0.6
8.518711334;0.003872474;0.6
8.712355091;0.003863986;0.6
8.905928247;0.003859642;0.6
9.09977675;0.003839138;0.6
9.293385206;0.003832722;0.6
9.486958361;0.003828378;0.6
9.680573878;0.003821548;0.6
9.863581437;0.003817855;0.6
10.06776255;0.003810373;0.6
10.26184404;0.003776196;0.6
10.45590435;0.003743262;0.6
10.61796146;0.003730264;0.6
10.84331189;0.003719243;0.6
11.03694152;0.003711584;0.6
11.23043702;0.003711797;0.6
11.42393957;0.003711596;0.6
11.60874925;0.003705378;0.6
12.02200949;0.003712671;0.6
12.30480245;0.003634049;0.6
12.498598;0.003616653;0.6
12.69229824;0.00360485;0.6
12.88592787;0.003597191;0.6
13.07955751;0.003589532;0.6
13.26440743;0.003580952;0.6
13.46705801;0.003560057;0.6
13.66078531;0.003546667;0.6
13.85459851;0.003528235;0.6
14.04839054;0.003511046;0.6
14.24213314;0.003496757;0.6
14.43586162;0.003483297;0.6
14.6296607;0.003465694;0.6
14.81991238;0.003449806;0.6
15.01723062;0.003432145;0.6
15.21080378;0.0034278;0.6
15.38963228;0.003428481;0.6
15.59769592;0.003434028;0.6
16.02893497;0.003418552;0.6
16.63747694;0.003321229;0.6
16.83136074;0.003298653;0.6
17.0249339;0.003294309;0.6
17.21866238;0.003280849;0.6
17.41237674;0.003268218;0.6
17.6061264;0.003253515;0.6
17.79984782;0.00324047;0.6
17.99362572;0.00322411;0.6
18.18752129;0.003200844;0.6
18.38108974;0.003196776;0.6
18.57114267;0.003192552;0.6
18.76850198;0.00317248;0.6
18.96252228;0.003141894;0.6
19.15664849;0.003105093;0.6
19.34476999;0.003076572;0.6
19.53830863;0.003074253;0.6
19.76413966;0.003069438;0.6
19.92241532;0.003071892;0.6
2.025384828;0.00297569;0.8
2.147759351;0.003020368;0.8
2.672093671;0.003219353;0.8
2.864228898;0.003299397;0.8
3.056611232;0.003364939;0.8
3.249267737;0.003414391;0.8
3.441640658;0.003480485;0.8
3.634355998;0.003526484;0.8
3.827092519;0.00357124;0.8
4.019457203;0.003637818;0.8
4.211950147;0.003696868;0.8
4.18955812;0.003462458;0.8
4.395627131;0.003757125;0.8
4.570724438;0.00380472;0.8
4.811139578;0.003838714;0.8
5.035778339;0.003869458;0.8
5.229054966;0.003882516;0.8
5.422416315;0.003890603;0.8
5.615805905;0.003897031;0.8
5.809230796;0.003901388;0.8
5.993535668;0.003924796;0.8
6.195671086;0.003934135;0.8
6.389166579;0.003934348;0.8
6.582683253;0.003933319;0.8
6.776432913;0.003918616;0.8
6.97006961;0.003910542;0.8
7.163614525;0.003907856;0.8
7.357152379;0.003905583;0.8
7.550704353;0.003902482;0.8
7.744228087;0.003901038;0.8
7.937751821;0.003899594;0.8
8.131310856;0.003896079;0.8
8.325067577;0.003880961;0.8
8.518711334;0.003872474;0.8
8.712355091;0.003863986;0.8
8.905928247;0.003859642;0.8
9.09977675;0.003839138;0.8
9.293385206;0.003832722;0.8
9.486958361;0.003828378;0.8
9.680573878;0.003821548;0.8
9.863581437;0.003817855;0.8
10.06776255;0.003810373;0.8
10.26184404;0.003776196;0.8
10.45590435;0.003743262;0.8
10.61796146;0.003730264;0.8
10.84331189;0.003719243;0.8
11.03694152;0.003711584;0.8
11.23043702;0.003711797;0.8
11.42393957;0.003711596;0.8
11.60874925;0.003705378;0.8
12.02200949;0.003712671;0.8
12.30480245;0.003634049;0.8
12.498598;0.003616653;0.8
12.69229824;0.00360485;0.8
12.88592787;0.003597191;0.8
13.07955751;0.003589532;0.8
13.26440743;0.003580952;0.8
13.46705801;0.003560057;0.8
13.66078531;0.003546667;0.8
13.85459851;0.003528235;0.8
14.04839054;0.003511046;0.8
14.24213314;0.003496757;0.8
14.43586162;0.003483297;0.8
14.6296607;0.003465694;0.8
14.81991238;0.003449806;0.8
15.01723062;0.003432145;0.8
15.21080378;0.0034278;0.8
15.38963228;0.003428481;0.8
15.59769592;0.003434028;0.8
16.02893497;0.003418552;0.8
16.63747694;0.003321229;0.8
16.83136074;0.003298653;0.8
17.0249339;0.003294309;0.8
17.21866238;0.003280849;0.8
17.41237674;0.003268218;0.8
17.6061264;0.003253515;0.8
17.79984782;0.00324047;0.8
17.99362572;0.00322411;0.8
18.18752129;0.003200844;0.8
18.38108974;0.003196776;0.8
18.57114267;0.003192552;0.8
18.76850198;0.00317248;0.8
18.96252228;0.003141894;0.8
19.15664849;0.003105093;0.8
19.34476999;0.003076572;0.8
19.53830863;0.003074253;0.8
19.76413966;0.003069438;0.8
19.92241532;0.003071892;0.8
