AR	w	ct/cs
2.137363828;-0.007781273;0
2.346865299;-0.007916889;0
2.555538055;-0.007970195;0
2.764097473;-0.008012244;0
2.97239487;-0.008028269;0
3.181021315;-0.008076975;0
3.389641667;-0.008125076;0
3.598030467;-0.008150179;0
3.806577697;-0.008191018;0
4.01523461;-0.00824275;0
4.223306548;-0.008236382;0
4.431512542;-0.008243329;0
4.639608854;-0.008239381;0
4.847644231;-0.008229382;0
5.055728356;-0.008224224;0
5.263658112;-0.008203734;0
5.47118976;-0.008143704;0
5.679103266;-0.0081216;0
5.887199578;-0.008117653;0
6.095271516;-0.008111285;0
6.3028316;-0.008054079;0
6.510391684;-0.007996872;0
6.71814676;-0.007959033;0
6.926096828;-0.007940561;0
7.134144392;-0.007931772;0
7.342151332;-0.007918948;0
7.549699229;-0.007860531;0
7.75690386;-0.007768021;0
7.964323793;-0.007696895;0
8.172371357;-0.007688106;0
8.380041124;-0.007641794;0
8.587649956;-0.007589429;0
8.795709707;-0.007581851;0
9.003221043;-0.007519803;0
9.210671445;-0.007451703;0
9.418341212;-0.00740539;0
9.626254718;-0.007383287;0
9.834186506;-0.007362999;0
10.04743269;-0.007306752;0
10.24998305;-0.007315765;0
10.38243124;-0.007315564;0
10.77865462;-0.007203601;0
10.98619033;-0.007143974;0
11.19401852;-0.007113398;0
11.40196859;-0.007094925;0
11.60986991;-0.007071611;0
11.81734469;-0.007005932;0
12.02527038;-0.006985039;0
12.23295233;-0.006939937;0
12.4406282;-0.00689423;0
12.64815781;-0.006833997;0
12.85576664;-0.006781633;0
13.06333892;-0.006725637;0
13.27093556;-0.006672062;0
13.47893438;-0.006658432;0
13.68700631;-0.006652063;0
13.89494419;-0.006632381;0
14.05591835;-0.00664646;0
14.33124692;-0.006554613;0
14.53622876;-0.006429262;0
14.74387415;-0.006380529;0
14.95176328;-0.006356005;0
15.15977428;-0.006343584;0
15.36760248;-0.006313008;0
15.57530881;-0.006270327;0
15.78283233;-0.006209489;0
15.99041679;-0.006154704;0
16.19842779;-0.006142284;0
16.4064388;-0.006129863;0
16.6143523;-0.00610776;0
16.822278;-0.006086866;0
17.03603969;-0.006081821;0
17.23726411;-0.005959139;0
17.44486075;-0.005905564;0
17.64914383;-0.005898742;0
17.86081939;-0.00587443;0
18.06819423;-0.005798825;0
18.27608824;-0.005774784;0
18.48361176;-0.005713947;0
18.69151308;-0.005690633;0
18.89936565;-0.005662477;0
19.10713292;-0.005625848;0
19.31529016;-0.005627953;0
19.52334991;-0.005620374;0
19.78225796;-0.005588994;0
19.92963306;-0.00556791;0
2.098080289;-0.003879576;0.2
2.307114999;-0.003968832;0.2
2.515710977;-0.004014512;0.2
2.723953532;-0.00402509;0.2
2.932183901;-0.004034458;0.2
3.140292399;-0.004031721;0.2
3.34835215;-0.004024142;0.2
3.556485023;-0.004023826;0.2
3.764483839;-0.004010196;0.2
3.972659366;-0.004014116;0.2
4.185964123;-0.003990534;0.2
4.401079504;-0.003967805;0.2
4.539447477;-0.003929129;0.2
4.833094272;-0.0039653;0.2
5.023391835;-0.004072862;0.2
5.266744321;-0.003999926;0.2
5.466767624;-0.003945878;0.2
5.674790813;-0.003934668;0.2
5.882911499;-0.003933142;0.2
6.091227177;-0.003950982;0.2
6.299871903;-0.004001504;0.2
6.497660924;-0.004017881;0.2
6.709789968;-0.003996847;0.2
6.916295007;-0.00396014;0.2
7.132361609;-0.00399609;0.2
7.340450957;-0.003991452;0.2
7.54858383;-0.003991136;0.2
7.756875133;-0.004006555;0.2
7.965159124;-0.004021248;0.2
8.172978791;-0.003989824;0.2
8.381322499;-0.004010449;0.2
8.589613802;-0.004025868;0.2
8.79703983;-0.003955348;0.2
9.004977711;-0.003935665;0.2
9.21312277;-0.003936559;0.2
9.420999716;-0.003910824;0.2
9.629077747;-0.003905061;0.2
9.836741421;-0.003858144;0.2
10.15848662;-0.003866128;0.2
10.36609546;-0.003813764;0.2
10.56453985;-0.003790827;0.2
10.78215402;-0.003792555;0.2
10.98276474;-0.00379685;0.2
11.18161848;-0.003767588;0.2
11.40582142;-0.003718981;0.2
11.65801432;-0.003709721;0.2
11.99848367;-0.003698109;0.2
12.45165272;-0.003666796;0.2
12.65397275;-0.003652932;0.2
12.86206906;-0.003648985;0.2
13.0702263;-0.00365109;0.2
13.27845667;-0.003660457;0.2
13.48657736;-0.003658931;0.2
13.66296574;-0.003637884;0.2
13.84584804;-0.003635387;0.2
14.34975634;-0.003506799;0.2
14.57538794;-0.003506123;0.2
14.70262467;-0.003536443;0.2
15.0118492;-0.003553727;0.2
15.38161795;-0.003476605;0.2
15.62787154;-0.003436762;0.2
15.84699879;-0.003420974;0.2
16.03865637;-0.003428703;0.2
16.24660797;-0.003410381;0.2
16.45175568;-0.003348488;0.2
16.66226284;-0.003349077;0.2
16.90337345;-0.003402489;0.2
17.10681183;-0.003338617;0.2
17.32107826;-0.003276314;0.2
17.53140426;-0.003225351;0.2
17.76629153;-0.003251291;0.2
17.93854121;-0.003257687;0.2
18.13087069;-0.003253844;0.2
18.38227347;-0.003166109;0.2
18.59028447;-0.003153688;0.2
18.79841734;-0.003153372;0.2
18.98797254;-0.003187201;0.2
19.22585299;-0.003134567;0.2
19.43884127;-0.003073586;0.2
19.63427305;-0.003012448;0.2
19.81308976;-0.003075977;0.2
2.131532267;-0.001799069;0.4
2.340954784;-0.001691929;0.4
2.529867905;-0.001661986;0.4
2.766996732;-0.001588394;0.4
2.984900026;-0.00151816;0.4
3.182945118;-0.001502547;0.4
3.422975867;-0.001475553;0.4
3.62508384;-0.001440627;0.4
3.766322333;-0.001373838;0.4
4.058954561;-0.00130924;0.4
4.267099621;-0.001310134;0.4
4.469519581;-0.001306196;0.4
5.051989997;-0.001275353;0.4
5.457183428;-0.001114656;0.4
5.653732045;-0.001091359;0.4
5.880397323;-0.001052402;0.4
6.095381779;-0.001022634;0.4
6.260118526;-0.000992796;0.4
6.773518052;-0.00092988;0.4
6.969000251;-0.000925952;0.4
7.177108749;-0.000923215;0.4
7.385156313;-0.000914426;0.4
7.593301373;-0.00091532;0.4
7.801482993;-0.000919846;0.4
8.009554931;-0.000913478;0.4
8.170419408;-0.000916663;0.4
8.425357571;-0.00086685;0.4
8.604444497;-0.000800608;0.4
8.89752155;-0.000780191;0.4
9.18593534;-0.000766438;0.4
9.497414572;-0.000976341;0.4
9.715827053;-0.00093207;0.4
9.99748009;-0.000761402;0.4
10.18380364;-0.000742732;0.4
10.4434025;-0.000753116;0.4
10.62864106;-0.000760919;0.4
11.02281614;-0.000680431;0.4
11.22400084;-0.000694752;0.4
11.42906752;-0.000703115;0.4
11.593051;-0.000702866;0.4
11.96794105;-0.000664572;0.4
12.20738577;-0.000642017;0.4
12.38713689;-0.000641744;0.4
12.71805628;-0.000621269;0.4
13.03919336;-0.000568853;0.4
13.62596169;-0.000589024;0.4
13.8245962;-0.00058497;0.4
14.04220306;-0.000585971;0.4
14.25033593;-0.000585655;0.4
14.45845662;-0.000584129;0.4
14.66660168;-0.000585023;0.4
14.87473455;-0.000584707;0.4
15.08286742;-0.000584391;0.4
15.29093936;-0.000578023;0.4
15.49096664;-0.000578065;0.4
15.71810933;-0.00053283;0.4
15.9920415;-0.000469341;0.4
16.24584911;-0.000516051;0.4
16.50155302;-0.000542293;0.4
16.70961277;-0.000534714;0.4
16.91964385;-0.000535;0.4
17.10727177;-0.00056534;0.4
17.72512203;-0.000540435;0.4
17.95397718;-0.000629488;0.4
18.12877366;-0.000539822;0.4
18.49109428;-0.000505985;0.4
18.66202892;-0.000507057;0.4
18.89927512;-0.000485393;0.4
19.37623033;-0.000404779;0.4
19.57808593;-0.000407431;0.4
19.80262694;-0.000470706;0.4
19.90736366;-0.000537122;0.4
2.085534654;-0.00075422;0.6
2.291912601;-0.000579602;0.6
2.498534287;-0.000429193;0.6
2.705208783;-0.000284029;0.6
2.912106708;-0.000161056;0.6
3.118708082;-8.62918E-06;0.6
3.325252584;0.000149446;0.6
3.532008327;0.000286541;0.6
3.738861566;0.000413952;0.6
3.946238845;0.000489314;0.6
4.153482067;0.000577992;0.6
4.360546547;0.000684422;0.6
4.567657744;0.000786212;0.6
4.801747535;0.000893173;0.6
4.982144189;0.000963567;0.6
5.189746928;0.001016536;0.6
5.397404508;0.001064059;0.6
5.604806161;0.001137001;0.6
5.812171254;0.001213574;0.6
6.021480267;0.001305886;0.6
6.151557993;0.001332713;0.6
6.737139311;0.001430438;0.6
6.945028444;0.001454962;0.6
7.152686024;0.001502485;0.6
7.360709214;0.001513695;0.6
7.52115324;0.001552269;0.6
7.922914599;0.001636221;0.6
8.116136239;0.001655859;0.6
8.324482384;0.001634993;0.6
8.532412141;0.001655482;0.6
8.739931601;0.001716723;0.6
8.947523372;0.001770782;0.6
9.060592162;0.001816467;0.6
9.512627686;0.001814194;0.6
9.723130483;0.001787938;0.6
9.927852044;0.001751209;0.6
10.05502605;0.001711457;0.6
10.35305555;0.001803783;0.6
10.55536461;0.001818736;0.6
10.7634853;0.001820263;0.6
10.97163036;0.001819368;0.6
11.17965355;0.001830578;0.6
11.38776205;0.001833315;0.6
11.59591929;0.00183121;0.6
11.80402779;0.001833947;0.6
12.01225816;0.001824579;0.6
12.22029354;0.001834579;0.6
12.4285239;0.001825211;0.6
12.63669334;0.001821896;0.6
12.84482621;0.001822212;0.6
13.05310533;0.001808003;0.6
13.1664861;0.0018227;0.6
13.50665281;0.001864372;0.6
13.71479787;0.001863478;0.6
13.92286981;0.001869846;0.6
14.12373645;0.001840132;0.6
14.38491563;0.001833871;0.6
14.58543982;0.00183817;0.6
14.79358488;0.001837275;0.6
15.00186399;0.001823066;0.6
15.20983843;0.001839118;0.6
15.41802005;0.001834592;0.6
15.6261773;0.001832487;0.6
15.83424924;0.001838855;0.6
16.04265022;0.001812542;0.6
16.25077091;0.001814068;0.6
16.49675831;0.001813231;0.6
16.704879;0.001814758;0.6
16.91313374;0.001802969;0.6
17.12114474;0.00181539;0.6
17.32927761;0.001815706;0.6
17.53750798;0.001806338;0.6
17.74543368;0.001827231;0.6
17.95334718;0.001849335;0.6
18.16154099;0.001843599;0.6
18.36988104;0.001823338;0.6
18.57807485;0.001817602;0.6
18.78195817;0.001806303;0.6
18.99466964;0.001785552;0.6
19.16881753;0.001778554;0.6
19.41099632;0.001780132;0.6
19.59075963;0.001779194;0.6
19.80835309;0.001779525;0.6
2.136094988;-0.000138025;0.8
2.341985455;8.501E-05;0.8
2.482383045;0.000235319;0.8
2.752657372;0.000641229;0.8
2.927225589;0.000887803;0.8
3.03578344;0.001127963;0.8
3.25737454;0.001253271;0.8
3.463557494;0.001447256;0.8
3.66981357;0.001633978;0.8
3.876219953;0.001805771;0.8
4.082993106;0.001941137;0.8
4.289532385;0.002099731;0.8
4.496288128;0.002236825;0.8
4.703360732;0.002342449;0.8
4.903796825;0.002480784;0.8
5.050419616;0.002639232;0.8
5.560531329;0.002849717;0.8
5.756877145;0.002946851;0.8
5.964181303;0.003029476;0.8
6.165881012;0.003104951;0.8
6.412596517;0.003177966;0.8
6.605490238;0.003230174;0.8
6.807404438;0.003284345;0.8
7.001510493;0.00336231;0.8
7.228182677;0.003400582;0.8
7.436023062;0.003429948;0.8
7.62473239;0.003480132;0.8
7.964207147;0.003590529;0.8
8.172193775;0.00360537;0.8
8.379973225;0.003640788;0.8
8.590735586;0.003693158;0.8
8.795788052;0.003686206;0.8
9.00361625;0.003716783;0.8
9.211712562;0.00372073;0.8
9.419747938;0.00373073;0.8
9.627710193;0.003747992;0.8
9.835818692;0.003750729;0.8
10.04390282;0.003755886;0.8
10.25197475;0.003762254;0.8
10.44118646;0.003762542;0.8
10.68716167;0.003762915;0.8
11.04612768;0.00381672;0.8
11.25426055;0.003817036;0.8
11.46239342;0.003817352;0.8
11.67052629;0.003817668;0.8
11.87865917;0.003817984;0.8
12.08681641;0.003815879;0.8
12.29505897;0.003805301;0.8
12.50319184;0.003805617;0.8
12.71147096;0.003791408;0.8
12.92003038;0.003749359;0.8
13.05284418;0.003713247;0.8
13.56993346;0.003722909;0.8
13.75279342;0.003727625;0.8
13.96096285;0.003724309;0.8
14.16927853;0.003706469;0.8
14.40392298;0.003704646;0.8
14.58545897;0.003715574;0.8
14.79356747;0.003718311;0.8
15.00165159;0.003723468;0.8
15.20985758;0.003716522;0.8
15.41799046;0.003716838;0.8
15.54097806;0.003717025;0.8
15.86860881;0.003646509;0.8
16.06237051;0.003612507;0.8
16.27051557;0.003611613;0.8
16.47881906;0.003594983;0.8
16.63992525;0.003567791;0.8
16.95301827;0.0034795;0.8
17.40632201;0.003560078;0.8
17.61445489;0.003560394;0.8
17.82269744;0.003549816;0.8
18.03097656;0.003535607;0.8
18.23909725;0.003537133;0.8
18.44723012;0.003537449;0.8
18.64592678;0.00353533;0.8
18.92965496;0.003544637;0.8
19.29926253;0.00348116;0.8
19.53602612;0.003456792;0.8
19.76184356;0.003445722;0.8
19.86701254;0.003470609;0.8
2.502550093;0.001051258;1
3.042380392;0.001934427;1
3.248928956;0.002092099;1
3.445692762;0.002281953;1
4.015149649;0.003041527;1
4.222556178;0.003113984;1
4.429116929;0.003270445;1
4.635141452;0.003480166;1
4.841690016;0.003637837;1
5.04836045;0.003783405;1
5.255201502;0.003912026;1
5.462420351;0.004003125;1
5.669828098;0.004075461;1
5.87040881;0.004199433;1
6.083126311;0.004370833;1
6.233224164;0.004497351;1
6.591499575;0.004619746;1
6.799449643;0.004638219;1
6.999864147;0.004653411;1
7.214667307;0.004742948;1
7.422105521;0.004812258;1
7.62944624;0.004891252;1
7.837132256;0.00493595;1
8.044773587;0.004985087;1
8.252553037;0.005020505;1
8.460649349;0.005024453;1
8.668635977;0.005039294;1
8.876256996;0.005090448;1
9.084121755;0.005117393;1
9.292157132;0.005127393;1
9.500771391;0.005079897;1
9.709044414;0.005066293;1
9.917177286;0.005066609;1
10.12531016;0.005066925;1
10.33344303;0.005067241;1
10.54136873;0.005088134;1
10.74919692;0.005118711;1
10.9572518;0.005126773;1
11.16508487;0.005156866;1
11.37318118;0.005160813;1
11.58141155;0.005151446;1
11.7897516;0.005131185;1
11.99799416;0.005120607;1
12.20637077;0.005096714;1
12.41444271;0.005103082;1
12.62252683;0.00510824;1
12.83037941;0.005136396;1
13.03831729;0.005156079;1
13.24693764;0.005107977;1
13.45516801;0.00509861;1
13.66330088;0.005098926;1
13.87175061;0.005067771;1
14.08017597;0.005039037;1
14.28850384;0.005019986;1
14.49663671;0.005020302;1
14.70480615;0.005016986;1
14.91281715;0.005029407;1
15.12053566;0.005070877;1
15.32863197;0.005074824;1
15.53676485;0.00507514;1
15.74489772;0.005075456;1
15.95329464;0.005049546;1
16.16234967;0.004958273;1
16.37099033;0.004908155;1
16.5794035;0.004880631;1
16.78757294;0.004877316;1
16.99583987;0.004864317;1
17.2040093;0.004861002;1
17.41254841;0.00482097;1
17.62104283;0.004785377;1
17.82941944;0.004761484;1
18.03751575;0.004765431;1
18.24570956;0.004759695;1
18.45390336;0.004753959;1
18.66224342;0.004733698;1
18.87076627;0.00469528;1
19.07897227;0.004688333;1
19.2871417;0.004685018;1
19.49757733;0.004665432;1
19.6184328;0.004668575;1
19.85548365;0.004615675;1